{"feature_importances": [0.2400340515956527, 0.1475523924167402, 0.1741952981547278, 0.10013558766677046, 0.11380906450253052, 0.0913753341582991, 0.1328982715052793], "classes": [0, 1]}