{"feature_importances": [0.3159673863246988, 0.2148258799320938, 0.1368655378536875, 0.11905223802110361, 0.10474534543334445, 0.05431950401600776, 0.054224108419064165], "classes": [0, 1]}